{
  "project_info": {
    "project_number": "443837772815",
    "firebase_url": "https://messagingapp-fd302.firebaseio.com",
    "project_id": "messagingapp-fd302",
    "storage_bucket": "messagingapp-fd302.appspot.com"
  },
  "client": [
    {
      "client_info": {
        "mobilesdk_app_id": "1:443837772815:android:29f79900240426a524df7a",
        "android_client_info": {
          "package_name": "com.example.messagingapp"
        }
      },
      "oauth_client": [
        {
          "client_id": "443837772815-9bd2c3gk1701qajod26s7kdi14qamtt0.apps.googleusercontent.com",
          "client_type": 1,
          "android_info": {
            "package_name": "com.example.messagingapp",
            "certificate_hash": "447eae433813ad135d65686eb702d674603f1a83"
          }
        },
        {
          "client_id": "443837772815-569935p5f14d1m4c8df859ksnd5t8ali.apps.googleusercontent.com",
          "client_type": 3
        }
      ],
      "api_key": [
        {
          "current_key": "AIzaSyB9Mw9uNGBW-zW5pZkpekupXGWdI3SAGw0"
        }
      ],
      "services": {
        "appinvite_service": {
          "other_platform_oauth_client": [
            {
              "client_id": "443837772815-569935p5f14d1m4c8df859ksnd5t8ali.apps.googleusercontent.com",
              "client_type": 3
            }
          ]
        }
      }
    }
  ],
  "configuration_version": "1"
}